resonant_frequency(dB),BW(GHZ)
-37.36767350480244,5.6666666666667
